{
  "url": "data.jpg",
  "res": [
    256,
    256,
    256
  ],
  "scale": [
    1,
    1,
    1
  ],
  "nogui" : false,
  "volume": {
    "translate": [
      -0.05715767664977255,
      -0.031176914536239782,
      -1.6454482671904334
    ],
    "rotate": [
      0.5536984801292419,
      0.1137750968337059,
      -0.7585440278053284,
      0.32404208183288574
    ],
    "colourmap": "Background=rgba(81,77,74,1)\n0.000000=rgba(0,0,0,0)\n0.023438=rgba(60,60,60,1)\n0.046875=rgba(18,15,0,1)\n0.066641=rgba(248,144,87,0.38235294117647056)\n0.103047=rgba(252,224,166,1)\n0.146016=rgba(255,81,0,1)\n0.200703=rgba(72,0,20,1)\n0.236084=rgba(246,245,122,1)\n0.310078=rgba(255,0,0,1)\n0.355000=rgba(255,255,255,0)\n0.894062=rgba(255,255,255,0)\n1.000000=rgba(255,255,255,1)",
    "properties": {
      "samples": 256,
      "isovalue": 0.45,
      "drawWalls": true,
      "isoalpha": 1,
      "isosmooth": 0.5045783843331688,
      "isocolour": [
        255,
        245.46299999999997,
        226.95000000000002
      ],
      "Zmin": 0,
      "Ymin": 0,
      "Xmin": 0,
      "Zmax": 1,
      "Ymax": 0.9723324001313833,
      "Xmax": 1,
      "density": 5,
      "brightness": -0.11780890196982163,
      "contrast": 1,
      "power": 1,
      "usecolourmap": true,
      "tricubicFilter": false,
      "lowPowerDevice": false,
      "axes": false,
      "border": false
    }
  },
  "slicer": {
    "properties": {
      "show": true,
      "brightness": 0,
      "contrast": 1,
      "power": 1,
      "usecolourmap": false,
      "layout": "x|y|z",
      "zoom": 0.6683351069050206,
      "X": 93,
      "Z": 144,
      "Y": 111
    }
  }
}
