{

  "url": "weevil.jpg",
  "res": [

    256,

    256,

    256

  ],

  "scale": [

    1,

    1,

    1

  ],

<<<<<<< HEAD
  "nogui" : true,

  "volume": {

"translate": [
      -0.05715767664977255,
      -0.031176914536239782,
      -1.818653347947321
    ],
    "rotate": [
      0.462426096200943,
      -0.5540972948074341,
      0.5443913340568542,
      0.4274197220802307
    ],


    "colourmap": "Background=rgba(81,77,74,1)\n0.000000=rgba(0,0,0,0)\n0.190000=rgba(0,0,0,0)\n0.21=rgba(100,50,30,1)\n0.6000=rgba(150,90,40,1)\n1.000000=rgba(255,255,255,0)",
=======
  "nogui" : false,

  "volume": {

    "translate": [

      -0.05715767664977255,

      -0.031176914536239782,

      -1.6454482671904334

    ],

    "rotate": [

      0.5536984801292419,

      0.1137750968337059,

      -0.7585440278053284,

      0.32404208183288574

    ],

    "colourmap": "Background=rgba(81,77,74,1)\n0.000000=rgba(0,0,0,0)\n0.010000=rgba(0,0,0,0)\n0.023438=rgba(60,60,60,1)\n0.046875=rgba(18,15,0,1)\n0.066641=rgba(248,144,87,0.38235294117647056)\n0.103047=rgba(252,224,166,1)\n0.146016=rgba(255,81,0,1)\n0.200703=rgba(72,0,20,1)\n0.236084=rgba(246,245,122,1)\n0.310078=rgba(255,0,0,1)\n0.355000=rgba(255,255,255,0)\n0.894062=rgba(255,255,255,0)\n1.000000=rgba(255,255,255,1)",
>>>>>>> refs/remotes/origin/master

    "properties": {

      "samples": 256,

<<<<<<< HEAD
      "isovalue": 0.28,
=======
      "isovalue": 0.45,
>>>>>>> refs/remotes/origin/master

      "drawWalls": true,

      "isoalpha": 1,

      "isosmooth": 0.5045783843331688,

      "isocolour": [

<<<<<<< HEAD
        210,

        180.46299999999997,

        56.95000000000002
=======
        255,

        245.46299999999997,

        226.95000000000002
>>>>>>> refs/remotes/origin/master

      ],

      "Zmin": 0,

      "Ymin": 0,

      "Xmin": 0,

      "Zmax": 1,

      "Ymax": 0.9723324001313833,

      "Xmax": 1,

<<<<<<< HEAD
      "density": 24,
=======
      "density": 5,
>>>>>>> refs/remotes/origin/master

      "brightness": -0.11780890196982163,

      "contrast": 1,

      "power": 1,

      "usecolourmap": true,

      "tricubicFilter": false,

      "lowPowerDevice": false,

      "axes": false,

      "border": false

    }

  },

  "slicer": {

    "properties": {

<<<<<<< HEAD
      "show": false,
=======
      "show": true,
>>>>>>> refs/remotes/origin/master

      "brightness": 0,

      "contrast": 1,

      "power": 1,

      "usecolourmap": false,

      "layout": "x|y|z",

      "zoom": 0.6683351069050206,

      "X": 93,

      "Z": 144,

      "Y": 111

    }

  }

}
<<<<<<< HEAD
		
=======
		
>>>>>>> refs/remotes/origin/master
